,COLUMN_1,COLUMN_2,CHI2_STATISTIC,P_VALUE
0,Remote,Race,94.1355137035132,9.077108280657888e-19
1,Remote,Office Location,1.3769956280262878,0.7109358319951914
2,Remote,Employee Level,0.1646058648961103,0.920992917793982
3,Remote,Employee Job Family,1.2894164406495368,0.8631686142176096
